{
	"products": [
		{
			"id": "0.5318225767294147",
			"qty": 1
		}
	],
	"totalPrice": 20.990000000000002
}